X,Y,NOME,icon_url
12.1593667789561,42.9613789303968,CITTA' DI FALLERA,./0.png
